{"strategy":{"LokiSimple":{"trades":[{"pair":"BTC/USDT","stake_amount":329.8295052,"max_stake_amount":329.8295052,"amount":0.00306,"open_date":"2025-11-03 12:00:00+00:00","close_date":"2025-11-14 04:00:00+00:00","open_rate":107787.42,"close_rate":97008.678,"fee_open":0.001,"fee_close":0.001,"trade_duration":15360,"profit_ratio":-0.10179820179856525,"profit_abs":-33.60962658,"exit_reason":"stop_loss","initial_stop_loss_abs":97008.678,"initial_stop_loss_ratio":-0.1,"stop_loss_abs":97008.678,"stop_loss_ratio":-0.1,"min_rate":96712.12,"max_rate":108333.0,"is_open":false,"enter_tag":"","leverage":1.0,"is_short":false,"open_timestamp":1762171200000,"close_timestamp":1763092800000,"orders":[{"amount":0.00306,"safe_price":107787.42,"ft_order_side":"buy","order_filled_timestamp":1762171200000,"ft_is_entry":true,"ft_order_tag":"","cost":330.1593347051999},{"amount":0.00306,"safe_price":97008.678,"ft_order_side":"sell","order_filled_timestamp":1763092800000,"ft_is_entry":false,"ft_order_tag":"stop_loss","cost":297.14340123467997}],"funding_fees":0.0,"weekday":4},{"pair":"BTC/USDT","stake_amount":318.589854,"max_stake_amount":318.589854,"amount":0.0033,"open_date":"2025-11-14 15:00:00+00:00","close_date":"2025-11-20 17:00:00+00:00","open_rate":96542.38,"close_rate":86888.142,"fee_open":0.001,"fee_close":0.001,"trade_duration":8760,"profit_ratio":-0.101798201790049,"profit_abs":-32.46430612,"exit_reason":"stop_loss","initial_stop_loss_abs":86888.142,"initial_stop_loss_ratio":-0.1,"stop_loss_abs":86888.142,"stop_loss_ratio":-0.1,"min_rate":86395.47,"max_rate":97411.11,"is_open":false,"enter_tag":"","leverage":1.0,"is_short":false,"open_timestamp":1763132400000,"close_timestamp":1763658000000,"orders":[{"amount":0.0033,"safe_price":96542.38,"ft_order_side":"buy","order_filled_timestamp":1763132400000,"ft_is_entry":true,"ft_order_tag":"","cost":318.908443854},{"amount":0.0033,"safe_price":86888.142,"ft_order_side":"sell","order_filled_timestamp":1763658000000,"ft_is_entry":false,"ft_order_tag":"stop_loss","cost":287.0175994686}],"funding_fees":0.0,"weekday":3},{"pair":"BTC/USDT","stake_amount":308.1070132,"max_stake_amount":308.1070132,"amount":0.00353,"open_date":"2025-11-20 22:00:00+00:00","close_date":"2025-11-24 17:00:00+00:00","open_rate":87282.44,"close_rate":88330.87771771771,"fee_open":0.001,"fee_close":0.001,"trade_duration":5460,"profit_ratio":0.009990009983525224,"profit_abs":3.08107013,"exit_reason":"roi","initial_stop_loss_abs":78554.19600000001,"initial_stop_loss_ratio":-0.1,"stop_loss_abs":78554.19600000001,"stop_loss_ratio":-0.1,"min_rate":80600.0,"max_rate":88550.68,"is_open":false,"enter_tag":"","leverage":1.0,"is_short":false,"open_timestamp":1763676000000,"close_timestamp":1764003600000,"orders":[{"amount":0.00353,"safe_price":87282.44,"ft_order_side":"buy","order_filled_timestamp":1763676000000,"ft_is_entry":true,"ft_order_tag":"","cost":308.4151202132},{"amount":0.00353,"safe_price":88330.87771771771,"ft_order_side":"sell","order_filled_timestamp":1764003600000,"ft_is_entry":false,"ft_order_tag":"roi","cost":312.11980634188706}],"funding_fees":0.0,"weekday":0}],"locks":[],"best_pair":{"key":"BTC/USDT","trades":3,"profit_mean":-0.06453546453502967,"profit_mean_pct":-6.45,"profit_total_abs":-62.99286257,"profit_total":-0.06299286257,"profit_total_pct":-6.3,"duration_avg":"6 days, 20:20:00","wins":1,"draws":0,"losses":2,"winrate":0.3333333333333333,"cagr":-0.5717981835205121,"expectancy":-20.997620856666668,"expectancy_ratio":-0.6355795696921387,"sortino":-75.05553446260028,"sharpe":-2.5234701184837185,"calmar":-65.05034265672732,"sqn":-1.7434,"profit_factor":0.04663064546179192,"max_drawdown_account":0.0660739327,"max_drawdown_abs":66.0739327},"worst_pair":{"key":"BTC/USDT","trades":3,"profit_mean":-0.06453546453502967,"profit_mean_pct":-6.45,"profit_total_abs":-62.99286257,"profit_total":-0.06299286257,"profit_total_pct":-6.3,"duration_avg":"6 days, 20:20:00","wins":1,"draws":0,"losses":2,"winrate":0.3333333333333333,"cagr":-0.5717981835205121,"expectancy":-20.997620856666668,"expectancy_ratio":-0.6355795696921387,"sortino":-75.05553446260028,"sharpe":-2.5234701184837185,"calmar":-65.05034265672732,"sqn":-1.7434,"profit_factor":0.04663064546179192,"max_drawdown_account":0.0660739327,"max_drawdown_abs":66.0739327},"results_per_pair":[{"key":"BTC/USDT","trades":3,"profit_mean":-0.06453546453502967,"profit_mean_pct":-6.45,"profit_total_abs":-62.99286257,"profit_total":-0.06299286257,"profit_total_pct":-6.3,"duration_avg":"6 days, 20:20:00","wins":1,"draws":0,"losses":2,"winrate":0.3333333333333333,"cagr":-0.5717981835205121,"expectancy":-20.997620856666668,"expectancy_ratio":-0.6355795696921387,"sortino":-75.05553446260028,"sharpe":-2.5234701184837185,"calmar":-65.05034265672732,"sqn":-1.7434,"profit_factor":0.04663064546179192,"max_drawdown_account":0.0660739327,"max_drawdown_abs":66.0739327},{"key":"TOTAL","trades":3,"profit_mean":-0.06453546453502967,"profit_mean_pct":-6.45,"profit_total_abs":-62.99286257,"profit_total":-0.06299286257,"profit_total_pct":-6.3,"duration_avg":"6 days, 20:20:00","wins":1,"draws":0,"losses":2,"winrate":0.3333333333333333,"cagr":-0.5717981835205121,"expectancy":-20.997620856666668,"expectancy_ratio":-0.6355795696921387,"sortino":-75.05553446260028,"sharpe":-2.5234701184837185,"calmar":-65.05034265672732,"sqn":-1.7434,"profit_factor":0.04663064546179192,"max_drawdown_account":0.0660739327,"max_drawdown_abs":66.0739327}],"results_per_enter_tag":[{"key":"","trades":3,"profit_mean":-0.06453546453502967,"profit_mean_pct":-6.45,"profit_total_abs":-62.99286257,"profit_total":-0.06299286257,"profit_total_pct":-6.3,"duration_avg":"6 days, 20:20:00","wins":1,"draws":0,"losses":2,"winrate":0.3333333333333333,"cagr":-0.5717981835205121,"expectancy":-20.997620856666668,"expectancy_ratio":-0.6355795696921387,"sortino":-75.05553446260028,"sharpe":-2.5234701184837185,"calmar":-65.05034265672732,"sqn":-1.7434,"profit_factor":0.04663064546179192,"max_drawdown_account":0.0660739327,"max_drawdown_abs":66.0739327},{"key":"TOTAL","trades":3,"profit_mean":-0.06453546453502967,"profit_mean_pct":-6.45,"profit_total_abs":-62.99286257,"profit_total":-0.06299286257,"profit_total_pct":-6.3,"duration_avg":"6 days, 20:20:00","wins":1,"draws":0,"losses":2,"winrate":0.3333333333333333,"cagr":-0.5717981835205121,"expectancy":-20.997620856666668,"expectancy_ratio":-0.6355795696921387,"sortino":-75.05553446260028,"sharpe":-2.5234701184837185,"calmar":-65.05034265672732,"sqn":-1.7434,"profit_factor":0.04663064546179192,"max_drawdown_account":0.0660739327,"max_drawdown_abs":66.0739327}],"exit_reason_summary":[{"key":"roi","trades":1,"profit_mean":0.009990009983525224,"profit_mean_pct":1.0,"profit_total_abs":3.08107013,"profit_total":0.00308107013,"profit_total_pct":0.31,"duration_avg":"3 days, 19:00:00","wins":1,"draws":0,"losses":0,"winrate":1.0,"cagr":0.040917153335962686,"expectancy":3.08107013,"expectancy_ratio":100.0,"sortino":-100,"sharpe":-100,"calmar":-100,"sqn":-100.0,"profit_factor":0.0,"max_drawdown_account":0.0,"max_drawdown_abs":0.0},{"key":"stop_loss","trades":2,"profit_mean":-0.10179820179430712,"profit_mean_pct":-10.18,"profit_total_abs":-66.0739327,"profit_total":-0.0660739327,"profit_total_pct":-6.61,"duration_avg":"8 days, 9:00:00","wins":0,"draws":0,"losses":2,"winrate":0.0,"cagr":-0.5897938207904625,"expectancy":-33.03696635,"expectancy_ratio":-1.0,"sortino":-78.72660696016979,"sharpe":-78.72660696016979,"calmar":-68.23204705193857,"sqn":-57.6903,"profit_factor":0.0,"max_drawdown_account":0.0660739327,"max_drawdown_abs":66.0739327},{"key":"TOTAL","trades":3,"profit_mean":-0.06453546453502967,"profit_mean_pct":-6.45,"profit_total_abs":-62.99286257,"profit_total":-0.06299286257,"profit_total_pct":-6.3,"duration_avg":"6 days, 20:20:00","wins":1,"draws":0,"losses":2,"winrate":0.3333333333333333,"cagr":-0.5717981835205121,"expectancy":-20.997620856666668,"expectancy_ratio":-0.6355795696921387,"sortino":-75.05553446260028,"sharpe":-2.5234701184837185,"calmar":-65.05034265672732,"sqn":-1.7434,"profit_factor":0.04663064546179192,"max_drawdown_account":0.0660739327,"max_drawdown_abs":66.0739327}],"mix_tag_stats":[{"key":["","roi"],"trades":1,"profit_mean":0.009990009983525224,"profit_mean_pct":1.0,"profit_total_abs":3.08107013,"profit_total":0.00308107013,"profit_total_pct":0.31,"duration_avg":"3 days, 19:00:00","wins":1,"draws":0,"losses":0,"winrate":1.0,"cagr":0.040917153335962686,"expectancy":3.08107013,"expectancy_ratio":100.0,"sortino":-100,"sharpe":-100,"calmar":-100,"sqn":-100.0,"profit_factor":0.0,"max_drawdown_account":0.0,"max_drawdown_abs":0.0},{"key":["","stop_loss"],"trades":2,"profit_mean":-0.10179820179430712,"profit_mean_pct":-10.18,"profit_total_abs":-66.0739327,"profit_total":-0.0660739327,"profit_total_pct":-6.61,"duration_avg":"8 days, 9:00:00","wins":0,"draws":0,"losses":2,"winrate":0.0,"cagr":-0.5897938207904625,"expectancy":-33.03696635,"expectancy_ratio":-1.0,"sortino":-78.72660696016979,"sharpe":-78.72660696016979,"calmar":-68.23204705193857,"sqn":-57.6903,"profit_factor":0.0,"max_drawdown_account":0.0660739327,"max_drawdown_abs":66.0739327},{"key":"TOTAL","trades":3,"profit_mean":-0.06453546453502967,"profit_mean_pct":-6.45,"profit_total_abs":-62.99286257,"profit_total":-0.06299286257,"profit_total_pct":-6.3,"duration_avg":"6 days, 20:20:00","wins":1,"draws":0,"losses":2,"winrate":0.3333333333333333,"cagr":-0.5717981835205121,"expectancy":-20.997620856666668,"expectancy_ratio":-0.6355795696921387,"sortino":-75.05553446260028,"sharpe":-2.5234701184837185,"calmar":-65.05034265672732,"sqn":-1.7434,"profit_factor":0.04663064546179192,"max_drawdown_account":0.0660739327,"max_drawdown_abs":66.0739327}],"left_open_trades":[{"key":"TOTAL","trades":0,"profit_mean":0.0,"profit_mean_pct":0.0,"profit_total_abs":0.0,"profit_total":0.0,"profit_total_pct":0.0,"duration_avg":"0:00","wins":0,"draws":0,"losses":0,"winrate":0.0,"cagr":0.0,"expectancy":0.0,"expectancy_ratio":100.0,"sortino":0,"sharpe":0,"calmar":0,"sqn":0.0,"profit_factor":0.0,"max_drawdown_account":0.0,"max_drawdown_abs":0.0}],"total_trades":3,"trade_count_long":3,"trade_count_short":0,"total_volume":1853.763705817567,"avg_stake_amount":318.84212413333336,"profit_mean":-0.06453546453502967,"profit_median":-0.101798201790049,"profit_total":-0.06299286257,"profit_total_long":-0.06299286257,"profit_total_short":0.0,"profit_total_abs":-62.99286257,"profit_total_long_abs":-62.99286257,"profit_total_short_abs":0.0,"cagr":-0.5717981835205121,"expectancy":-20.997620856666668,"expectancy_ratio":-0.6355795696921387,"sortino":-75.05553446260028,"sharpe":-2.5234701184837185,"calmar":-65.05034265672732,"sqn":-1.7434,"profit_factor":0.04663064546179192,"backtest_start":"2025-11-01 05:00:00","backtest_start_ts":1761973200000,"backtest_end":"2025-11-29 21:00:00","backtest_end_ts":1764450000000,"backtest_days":28,"backtest_run_start_ts":1764454966,"backtest_run_end_ts":1764454966,"trades_per_day":0.11,"market_change":-0.17370594490923846,"pairlist":["BTC/USDT"],"stake_amount":"unlimited","stake_currency":"USDT","stake_currency_decimals":3,"starting_balance":1000,"dry_run_wallet":1000,"final_balance":937.0071374300001,"rejected_signals":0,"timedout_entry_orders":0,"timedout_exit_orders":0,"canceled_trade_entries":0,"canceled_entry_orders":0,"replaced_entry_orders":0,"max_open_trades":1,"max_open_trades_setting":3,"timeframe":"1h","timeframe_detail":"","timerange":"","enable_protections":false,"strategy_name":"LokiSimple","freqaimodel":null,"freqai_identifier":null,"stoploss":-0.1,"trailing_stop":false,"trailing_stop_positive":null,"trailing_stop_positive_offset":0.0,"trailing_only_offset_is_reached":false,"use_custom_stoploss":false,"minimal_roi":{"60":0.01,"30":0.02,"0":0.04},"use_exit_signal":true,"exit_profit_only":false,"exit_profit_offset":0.0,"ignore_roi_if_entry_signal":false,"trading_mode":"spot","margin_mode":"isolated","periodic_breakdown":{"day":[{"date":"14/11/2025","date_ts":1763078400000,"profit_abs":-33.60962658,"wins":0,"draws":0,"losses":1,"trades":1,"profit_factor":0.0},{"date":"15/11/2025","date_ts":1763164800000,"profit_abs":0.0,"wins":0,"draws":0,"losses":0,"trades":0,"profit_factor":0.0},{"date":"16/11/2025","date_ts":1763251200000,"profit_abs":0.0,"wins":0,"draws":0,"losses":0,"trades":0,"profit_factor":0.0},{"date":"17/11/2025","date_ts":1763337600000,"profit_abs":0.0,"wins":0,"draws":0,"losses":0,"trades":0,"profit_factor":0.0},{"date":"18/11/2025","date_ts":1763424000000,"profit_abs":0.0,"wins":0,"draws":0,"losses":0,"trades":0,"profit_factor":0.0},{"date":"19/11/2025","date_ts":1763510400000,"profit_abs":0.0,"wins":0,"draws":0,"losses":0,"trades":0,"profit_factor":0.0},{"date":"20/11/2025","date_ts":1763596800000,"profit_abs":-32.46430612,"wins":0,"draws":0,"losses":1,"trades":1,"profit_factor":0.0},{"date":"21/11/2025","date_ts":1763683200000,"profit_abs":0.0,"wins":0,"draws":0,"losses":0,"trades":0,"profit_factor":0.0},{"date":"22/11/2025","date_ts":1763769600000,"profit_abs":0.0,"wins":0,"draws":0,"losses":0,"trades":0,"profit_factor":0.0},{"date":"23/11/2025","date_ts":1763856000000,"profit_abs":0.0,"wins":0,"draws":0,"losses":0,"trades":0,"profit_factor":0.0},{"date":"24/11/2025","date_ts":1763942400000,"profit_abs":3.08107013,"wins":1,"draws":0,"losses":0,"trades":1,"profit_factor":0.0}],"week":[{"date":"17/11/2025","date_ts":1763337600000,"profit_abs":-33.60962658,"wins":0,"draws":0,"losses":1,"trades":1,"profit_factor":0.0},{"date":"24/11/2025","date_ts":1763942400000,"profit_abs":-29.38323599,"wins":1,"draws":0,"losses":1,"trades":2,"profit_factor":0.09490639}],"month":[{"date":"30/11/2025","date_ts":1764460800000,"profit_abs":-62.99286257,"wins":1,"draws":0,"losses":2,"trades":3,"profit_factor":0.04663065}],"year":[{"date":"31/12/2025","date_ts":1767139200000,"profit_abs":-62.99286257,"wins":1,"draws":0,"losses":2,"trades":3,"profit_factor":0.04663065}],"weekday":[{"date":"Monday","date_ts":0,"profit_abs":3.08107013,"wins":1,"draws":0,"losses":0,"trades":1,"profit_factor":0.0},{"date":"Thursday","date_ts":3,"profit_abs":-32.46430612,"wins":0,"draws":0,"losses":1,"trades":1,"profit_factor":0.0},{"date":"Friday","date_ts":4,"profit_abs":-33.60962658,"wins":0,"draws":0,"losses":1,"trades":1,"profit_factor":0.0}]},"backtest_best_day":0.009990009983525224,"backtest_worst_day":-0.10179820179856525,"backtest_best_day_abs":3.08107013,"backtest_worst_day_abs":-33.60962658,"winning_days":1,"draw_days":8,"losing_days":2,"daily_profit":[["2025-11-14",-33.60962658],["2025-11-15",0.0],["2025-11-16",0.0],["2025-11-17",0.0],["2025-11-18",0.0],["2025-11-19",0.0],["2025-11-20",-32.46430612],["2025-11-21",0.0],["2025-11-22",0.0],["2025-11-23",0.0],["2025-11-24",3.08107013]],"wins":1,"losses":2,"draws":0,"winrate":0.3333333333333333,"holding_avg":"6 days, 20:20:00","holding_avg_s":591600.0,"winner_holding_min":"3d 19:00","winner_holding_min_s":327600.0,"winner_holding_max":"3d 19:00","winner_holding_max_s":327600.0,"winner_holding_avg":"3d 19:00","winner_holding_avg_s":327600.0,"loser_holding_min":"6d 02:00","loser_holding_min_s":525600.0,"loser_holding_max":"10d 16:00","loser_holding_max_s":921600.0,"loser_holding_avg":"8d 09:00","loser_holding_avg_s":723600.0,"max_consecutive_wins":1,"max_consecutive_losses":2,"max_drawdown_account":0.0660739327,"max_relative_drawdown":0.0660739327,"max_drawdown_abs":66.0739327,"drawdown_start":"2025-11-14 04:00:00","drawdown_start_ts":1763092800000.0,"drawdown_end":"2025-11-20 17:00:00","drawdown_end_ts":1763658000000.0,"drawdown_duration":"6 days 13:00:00","drawdown_duration_s":565200.0,"max_drawdown_low":-66.0739327,"max_drawdown_high":-33.60962658,"csum_min":933.9260673,"csum_max":966.3903734200001}},"strategy_comparison":[{"key":"LokiSimple","trades":3,"profit_mean":-0.06453546453502967,"profit_mean_pct":-6.45,"profit_total_abs":-62.99286257,"profit_total":-0.06299286257,"profit_total_pct":-6.3,"duration_avg":"6 days, 20:20:00","wins":1,"draws":0,"losses":2,"winrate":0.3333333333333333,"cagr":-0.5717981835205121,"expectancy":-20.997620856666668,"expectancy_ratio":-0.6355795696921387,"sortino":-75.05553446260028,"sharpe":-2.5234701184837185,"calmar":-65.05034265672732,"sqn":-1.7434,"profit_factor":0.04663064546179192,"max_drawdown_account":0.0660739327,"max_drawdown_abs":"66.074"}]}