{"$schema":"https://schema.freqtrade.io/schema.json","max_open_trades":3,"stake_currency":"USDT","stake_amount":"unlimited","tradable_balance_ratio":0.99,"fiat_display_currency":"USD","dry_run":true,"dry_run_wallet":1000,"cancel_open_orders_on_exit":false,"trading_mode":"spot","margin_mode":"isolated","unfilledtimeout":{"entry":10,"exit":10,"exit_timeout_count":0,"unit":"minutes"},"entry_pricing":{"price_side":"same","use_order_book":true,"order_book_top":1,"price_last_balance":0.0,"check_depth_of_market":{"enabled":false,"bids_to_ask_delta":1}},"exit_pricing":{"price_side":"same","use_order_book":true,"order_book_top":1},"exchange":{"name":"binance","key":"REDACTED","secret":"REDACTED","ccxt_config":{},"ccxt_async_config":{},"pair_whitelist":["BTC/.*","ETH/.*","SOL/.*"],"pair_blacklist":["BNB/.*"]},"pairlists":[{"method":"StaticPairList","number_assets":20,"sort_key":"quoteVolume","min_value":0,"refresh_period":1800}],"telegram":{"enabled":true,"token":"REDACTED","chat_id":"REDACTED"},"api_server":{"enabled":true,"listen_ip_address":"127.0.0.1","listen_port":8080,"verbosity":"error","enable_openapi":false,"jwt_secret_key":"16e9c4abb4aa263d8e979af38dad8d330d1abfbd7bae56f8f22f7bd5e6e49696","ws_token":"85NNZqsSSLoA1kcwyT8NdNiSsVSG9OE2JQ","CORS_origins":[],"username":"freqtrader","password":"REDACTED"},"bot_name":"freqtrade","initial_state":"running","force_entry_enable":false,"internals":{"process_throttle_secs":5},"config_files":["config.json"]}